{
  "center": [0.0, 86.67161451940896, 130.04532944455207],
  "zoom": 5.643751276418135,
  "angles": [0.0, 0.0, 90.0],
  "perspective": 0.0,
  "interactive": true
}
